Transaction Hash,Status,Method,BlockNo,DateTime (UTC),From,From_Nametag,To,To_Nametag,Amount,Value (USD)
"0xe5c7d102351a47e9851f03a4391bc69b08458ad7493e561ea562d42bebc047b0","Success","Transfer","73863734","2026-01-03 00:27:45","0xe2fc31F816A9b94326492132018C3aEcC4a93aE1","Binance: Withdrawals 7","0xB13221834DB9c46A9706Cc5B8cf434608B7cfE67","","42.56173","$3,038.00",""
"0x6b4bf4d6ec1294d5988d2083f435d4631f3271a349e6f8f149e9f0b74fb9350b","Success","Transfer","73831315","2026-01-02 17:42:30","0xe2fc31F816A9b94326492132018C3aEcC4a93aE1","Binance: Withdrawals 7","0x3a997Cb90786c877E39f89fedAA7A883CaE12b0c","","10.612706","$757.52",""
"0x9a9a5879d0974bd477c4a44552b5e9edc61d82c0f5a711d4404de96512c15204","Success","Transfer","73831253","2026-01-02 17:41:43","0xe2fc31F816A9b94326492132018C3aEcC4a93aE1","Binance: Withdrawals 7","0x6eca79623823445f8ECb0b1Abad98b654fA1C684","","22.99963","$1,641.68",""
"0x6aa8a6ac7972a2e5c1bb8fe32ac358a80dec3212710380d25da54ae4369bd68a","Success","Transfer","73830851","2026-01-02 17:36:42","0xe2fc31F816A9b94326492132018C3aEcC4a93aE1","Binance: Withdrawals 7","0x333d0d85Cf0331d292e81f874312c5a5dA930A33","","228.99963","$16,345.67",""
"0x722d0dd9dd037f279c31d11d8d0ae64f7ec96407f54c6f6e27a807745753d0f9","Success","Transfer","73826769","2026-01-02 16:45:40","0xe2fc31F816A9b94326492132018C3aEcC4a93aE1","Binance: Withdrawals 7","0x5D445FF21E7198709DC2e6642f170f9a7F957c69","","0.49963","$35.66",""
"0xb1c25142870d7583cde51358358b9b3267e8cd80d06bc34114a779315ad424a0","Success","Transfer","73824192","2026-01-02 16:13:26","0xe2fc31F816A9b94326492132018C3aEcC4a93aE1","Binance: Withdrawals 7","0xa94F8b690058a47fdb9bF54897d59eFae014bC12","","1,533.46463","$109,456.51",""
"0xe3a49d49683e2a9be6e98161948d310d67f905edd53b79e729c0000a2afccb53","Success","Transfer","73822548","2026-01-02 15:52:53","0xe2fc31F816A9b94326492132018C3aEcC4a93aE1","Binance: Withdrawals 7","0x035AE7d933dCBFE617fFbA194A88Af0c2867B90c","","39.99963","$2,855.12",""
"0x129f01b86a5f7716fd1bdaf3e5ead49e6d065c94244bca63cad9741199ff2cdb","Success","Transfer","73822161","2026-01-02 15:48:03","0xe2fc31F816A9b94326492132018C3aEcC4a93aE1","Binance: Withdrawals 7","0x6eca79623823445f8ECb0b1Abad98b654fA1C684","","43.99963","$3,140.63",""
"0xdf5c929c7c90034f2dd9883c3e1fbee2283465610b673cf917de9576987b1811","Success","Transfer","73819994","2026-01-02 15:20:57","0xe2fc31F816A9b94326492132018C3aEcC4a93aE1","Binance: Withdrawals 7","0x9B25F6744a5B81A67ce8c4CA649EE4c17b3f2454","","2.92364314","$208.69",""
"0xd8c40ef6cb953934bb35ad37bbd1b49613967907fe3e8b3308363bb9fe76c0da","Success","Transfer","73808568","2026-01-02 12:58:07","0xe2fc31F816A9b94326492132018C3aEcC4a93aE1","Binance: Withdrawals 7","0xA087f2289EAeaCe73010455B7e7232C49B5cf6ba","","0.11600723","$8.28",""
"0xf23edbe6cd13843181b689cecd8be1f341b5942fc15c8bca0daa5a02413acbf7","Success","Transfer","73807805","2026-01-02 12:48:35","0xe2fc31F816A9b94326492132018C3aEcC4a93aE1","Binance: Withdrawals 7","0x8B8D7cD0b147A113A8BD6F8aD6e0d5446be7DC9B","","2.00117879","$142.84",""
"0x32e37a1ed4acb19c6fd8fbdf64700e64b4ea59c79be78f5397bd70b678760cb5","Success","Transfer","73775111","2026-01-02 05:59:45","0xe2fc31F816A9b94326492132018C3aEcC4a93aE1","Binance: Withdrawals 7","0x6A34e7B803047407c41194E01d1Ff4f5C30b9bC7","","0.50063","$35.73",""
"0x9e6350b9968c66d918250591a08e64d3be7be4fbc4c52fb5704144a921177665","Success","Transfer","73767675","2026-01-02 04:26:47","0xe2fc31F816A9b94326492132018C3aEcC4a93aE1","Binance: Withdrawals 7","0xBEbf205b912F23c8A0277A41d70cE5dCbBBe7Bb9","","2.115075","$150.97",""
"0x2772c998a442be3106cd68f2977cbfa4b7e0655020396314e728140e266d6bc7","Success","Transfer","73731225","2026-01-01 20:51:07","0xe2fc31F816A9b94326492132018C3aEcC4a93aE1","Binance: Withdrawals 7","0xA9A3ab06FDb3932AFBbf77430af522217F7Fb72d","","1.72661","$123.24",""
"0xebd219a8b58d7affc66c778f0e33160210a1604863cdfb12c43abb68f4f90a79","Success","Transfer","73717414","2026-01-01 17:58:28","0xe2fc31F816A9b94326492132018C3aEcC4a93aE1","Binance: Withdrawals 7","0xF71243811988588382fFa0324aD116AF819978e8","","1.531851","$109.34",""
"0x638cc3f47bbec50b1255d230d69fa2529184f4f2b7092cbaffca651b7c30e01c","Success","Transfer","73698485","2026-01-01 14:01:50","0xe2fc31F816A9b94326492132018C3aEcC4a93aE1","Binance: Withdrawals 7","0xF41204c168Bd226B954F2091D50BddC237FeFdf6","","0.03163912","$2.26",""
"0xe0e53300d98d5773e7d84d99153c0c294e962335d9cfb42c4d3eed09d5a8bb9d","Success","Transfer","73697381","2026-01-01 13:48:02","0xe2fc31F816A9b94326492132018C3aEcC4a93aE1","Binance: Withdrawals 7","0xA9A3ab06FDb3932AFBbf77430af522217F7Fb72d","","1.68861","$120.53",""
"0xa6cc2ddd0017fea94aaad10305dfb0362a9a6db26af6455f7ae53c91930e30de","Success","Transfer","73695868","2026-01-01 13:29:08","0xe2fc31F816A9b94326492132018C3aEcC4a93aE1","Binance: Withdrawals 7","0xB8553d061AC307D0cf5BB660c4488f2E36761d08","","2.786413","$198.89",""
"0x7fce5b60a0b8ca0e0003cbe050524a0cfaafef983721ac05146ffc151da39934","Success","Transfer","73673962","2026-01-01 08:55:02","0xe2fc31F816A9b94326492132018C3aEcC4a93aE1","Binance: Withdrawals 7","0xaB137d42A331273f9c6Bb6B84c4826D27b3E3E06","","19.099678","$1,363.31",""
"0xaaed58f7ab4e76bc973ac0c52c91172b7bf4985d8ae1b56250feba5c3206f3f4","Success","Transfer","73672658","2026-01-01 08:38:44","0xe2fc31F816A9b94326492132018C3aEcC4a93aE1","Binance: Withdrawals 7","0xC7f501D25Ea088aeFCa8B4b3ebD936aAe12bF4A4","","1,673.99961","$119,487.70",""
"0x71d49961ac4ddc3471aa972ca65d62725cc1ed24bdf0338fee83d2069588aa70","Success","Transfer","73669135","2026-01-01 07:54:42","0xe2fc31F816A9b94326492132018C3aEcC4a93aE1","Binance: Withdrawals 7","0x9b9e80C896E6DC5Df6b0b9B63470bA191Ab599C3","","0.886722","$63.29",""
"0xe6bd2660cf36da670de50e9fa10d390741a24c29d314289270f100b01a6a9909","Success","Transfer","73628751","2025-12-31 23:29:52","0xe2fc31F816A9b94326492132018C3aEcC4a93aE1","Binance: Withdrawals 7","0x386e7a1c67B43C37A38A55fe207f494a17F610C2","","0.29963","$21.39",""
"0xf8456bc83ccf594c1ace348dd16e7a63a6b1a5532f4451ffcf283bbee9482387","Success","Transfer","73605964","2025-12-31 18:45:01","0xe2fc31F816A9b94326492132018C3aEcC4a93aE1","Binance: Withdrawals 7","0xb224D916eBB5d89c1Be0B6b8c8593c145A79f3EF","","0.40063","$28.60",""
"0xcc00e16a3b3d3bd1764edbf99fa03e4489ff29eac44e39278e6ce2871c8e00c1","Success","Transfer","73595234","2025-12-31 16:30:54","0xe2fc31F816A9b94326492132018C3aEcC4a93aE1","Binance: Withdrawals 7","0x944492edffe54e6F709B2D72C7216F8BE808f7bA","","0.747881","$53.38",""
"0xc303961bc9932590e956b01806f602f9cfc75befeb88ecef459cf830ee4ae7f0","Success","Transfer","73578892","2025-12-31 13:06:35","0xe2fc31F816A9b94326492132018C3aEcC4a93aE1","Binance: Withdrawals 7","0xaB137d42A331273f9c6Bb6B84c4826D27b3E3E06","","7.854767","$560.66",""